price,make,cre_date,repub_date,pic_num,description,year,hand,gear,engine_capacity,engine_type,km,color,prev_ownership,curr_ownership,area,city,test,supply_score
18000.0,CIVIC,2024-05-16,2024-05-16,0,"הונדה סיביק האצב'ק 2010 יד 04 מנוע 1800, 140 כ""ס 253 אלף קמ טסט עד אוקטובר היסטורית טיפולים מלאה  ** גמיש ליד הרכב",2010,4,אוטומטית,1800,בנזין,253000,אפור עכבר,פרטית,פרטית,נתניה והסביבה,כפר יונה,,4314
29000.0,CIVIC,2024-03-13,2024-03-13,7,"הונדה סיוויק 2011, 227 אלף ק""מ, יד 2 ברשיון. רכב מאוד אמין ללא תקלות שמור ומטופל בזמן. בטיפול האחרון ליפני טסט הוחלפו שמן, 2 משולשים, 2 תפוחי הגה, זרוע הגה, מייסבים בגלגלים קידמיים, מוט מייצב, ברקסים קדימה ומשאבת ברקס. גג פנורמי מקדימה ומאחורה מראות עם וינקרים דגם מפואר. .טסט כמעט לשנה. עד ינואר 2025",2011,3,אוטומטית,1800,בנזין,227000,לבן שנהב,פרטית,פרטית,ירושלים והסביבה,צור הדסה,201,2710
17000.0,CIVIC,2023-10-24,2023-10-24,2,רכב במצב מכני פצצה נוסע כמו חדש מטופל באופן מלא טסט ארוך שקט להרבה שנים,2010,2,אוטומטית,1800,בנזין,200000,חום מטאלי,ליסינג,פרטית,ירושלים והסביבה,ירושלים,,4314
36000.0,CIVIC,2023-10-19,2023-10-19,7,רכב מצויין מצב חדש מאוד מפנק יש הרבה תוספות לפרטים נוספים בפלאפון ,2012,2,אוטומטית,1800,בנזין,159000,חום מטאלי,פרטית,פרטית,באר שבע והסביבה,אופקים,,2735
29000.0,CIVIC,2023-08-28,2023-08-28,4,"בס״ד הונדה סיווק הצ׳באק 2011🚀 180,000 קילומטר בלבד מנוע 1800 יד 03 פרטית  טסט עד 03/24 אחרי טיפול גדול, שמורה ומטופלת בזמן מערכת מולטימדיה ורמקולים במעל 2,000 שח 140 כ״ס🐎 רכב אמין מאוד 0 תקלות, לתדלק ולנסוע. 29,000💸 גמיש במעמד המכירה🤝🏻 לפרטים נוספים  050-555-3949☎️ לא בשבת🙏🏼",2011,3,אוטומטית,1800,בנזין,180000,כחול,פרטית,פרטית,חדרה וישובי עמק חפר,חדרה,,2710
22000.0,INSIGHT,2023-06-16,2023-06-16,4, תוספות      אוטו שומר מצב טוב מטופל בזמן     ,2011,3,אוטומטית,1200,בנזין,270,אפור,ליסינג,פרטית,אשדוד - אשקלון,אשקלון,,1133
49000.0,CIVIC,2023-08-28,2024-03-11,5,שמורה היטב ללא תאונות דגם האצבק ,2015,1,אוטומטית,1600,בנזין,100000,כסוף,פרטית,פרטית,חולון - בת ים,בת ים,,2951
29000.0,CIVIC,2023-06-04,2023-06-04,4,"מוכרת את הרכב היפה שלי! רכב שמור במצב מצוין, נראה כמו חדש מבפנים ומבחוץ. ריפוד פנימי עליון חדש, תוספת של חלונות שחורים מאחורה, לא היה צורך בטיפולים ותיקונים כל התקופה ששהה אצלי. רכב חזק נח. מוכרת עקב מעבר לרכב חדיש יותר. כל הקודם זוכה! אז אם מעניין אותכם שלחו לי הודעה בוואצפ ונדבר 140 אלף קמ  נהגת יחידה שמור מאוד מאוד!",2010,3,אוטומטית,1800,בנזין,140000,אפור,פרטית,פרטית,נס ציונה - רחובות,רחובות,,4314
95000.0,CIVIC,2023-05-07,2023-05-07,2,גם ספורטיבי וגם משפחתי.,2020,1,אוטומטית,1500,בנזין,83000,אפור מטאלי,אחר,פרטית,אילת והערבה,אילת,,357
135000.0,ODYSSEY,2023-01-31,2023-01-31,7,"הונדה אודיסיי (Odyssey) הוא מיניוואן גדול ומרווח, בעל 8 מקומות ישיבה. הוא נחשב לרכב מוביל בקבוצתו בארה""ב. המרווח לנוסעים טוב מאוד, גם בשורת המושבים השלישית. תא המטען גדול ושימושי אפילו כאשר כל המושבים בשימוש, וקיפול של המושבים (שנעשה בקלות) מעניק חלל הטענה עצום. האבזור נדיב והנדסת האנוש טובה מאוד. נוחות הנסיעה אף היא טובה, והונדה אודיסיי שומר על יציבות טובה על אף גודלו ומשקלו. המנוע חזק ומספק ביצועים טובים, והנסיעה באודסיי חלקה ונעימה. צריכת הדלק סבירה בהחלט ביחס לגודלו של הרכב.",2015,2,אוטומטית,3500,בנזין,130000,כסוף,פרטית,פרטית,בית שמש והסביבה,בית שמש,,
50000.0,JAZZ,2022-12-08,2022-12-07,5,הונדה ג׳ז מצב מצויין עם נתנונים הכי טובים שיש במחיר מציאה עוד פרטים בטלפון,2017,1,אוטומטית,1000,בנזין,90000,לבן,פרטית,פרטית,נתניה והסביבה,כפר יונה,,3044
52000.0,JAZZ,2022-11-02,2022-11-02,1,רכב מטופל על פי הספר ולא רואה מוסך .אפשר בקלות לקבל הסטורית טיפולים .נמכר עקב קבלת רכב עבודה ,2017,2,אוטומטית,1100,בנזין,150000,,,,אשדוד - אשקלון,אשקלון,,3044
135000.0,CIVIC,2022-11-01,2022-11-01,1,רכב במצב חדש לחלוטין עם נהגת בודדת מבוגרת,2021,1,אוטומטית,1500,בנזין,7700,,,,מושבים בשרון,תל מונד,,495
,CIVIC,2022-11-01,2022-11-01,1,דגם סדאן טורבו הכי מפואר עם כל התוספות מנוע 1.5 טורבו 182 כוחות סוס מטופל בחברה הכל מרורים צמיגים ומצבר חדש טסט שנה וחודש מתחייב על הכל &lt;br/&gt;&lt;br/&gt;פירוט:&lt;br/&gt; קארבון מרות וחלון קטן אחורי,2017,2,אוטומטית,1500,בנזין,87000,,,,קריות,קרית ביאליק,,2802
30000.0,CIVIC,2022-10-27,2022-10-27,1,"רכב מסוג הונדה סיוויק 2011, הרכב נסע 147,445 ק״מ הרכב שמור מאוד יש שפשוף בדלת למטה &lt;br/&gt;&lt;br/&gt;פירוט:&lt;br/&gt; מגני רוח וספויילר ",2011,4,אוטומטית,1800,בנזין,147445,,,,עכו - נהריה,עכו,,2710
40000.0,CIVIC,2022-10-26,2022-10-26,1,רכב שמור וחוסך בדלק ,2014,2,ידנית,1800,בנזין,190000,,,,ירושלים והסביבה,ירושלים,,3146
75000.0,ACCORD,2022-10-26,2022-10-26,1,,2015,1,אוטומטית,2000,היברידי,172000,,,,רמת גן - גבעתיים,רמת גן,,474
41900.0,CIVIC,2022-10-19,2022-10-19,1,"לבוא לקחת... התחייבות לקנייה חוזרת עד 5 שנים. שקיפות מלאה!!! מגוון אפשרויות מימון עד 100% כולל תשלום בצקים. נמצא בסוכנות ""גרינקאר"" בראשל""צ, רח' הרצל 28. הנחות ומחירים מיוחדים יינתנו בסניף, יחס אישי לכל לקוח שקיפות מלאה!!! מבחר ענק של רכבים נוספים ניתן לראות באתר של גרינקאר. לצאת עם רכב חדש באותו היום.",2011,1,אוטומטית,1800,בנזין,84000,,,,"ראשל""צ והסביבה",ראשון לציון,,2710
36000.0,CIVIC,2022-10-18,2022-10-18,1,"רכב במצב מעולה!   מטופל במוסך של ארתור, יש ספר טיפולים מסודר.  טסט עד מאי, חסכוני מאוד! לשים דלק ולנסוע &lt;br/&gt;&lt;br/&gt;פירוט:&lt;br/&gt; תוספת כפתור חיסכון בדלק  מערכת סאב   מסך מולטימדיה",2013,3,אוטומטית,1800,בנזין,168000,,,,ירושלים והסביבה,ירושלים,,3123
23000.0,CIVIC,2022-10-15,2022-10-15,1,אוטו חסכוני מוטופל טסט שנה ,2011,5,אוטומטית,1339,היברידי,367000,,,,,עראבה,,2710
,CIVIC,2022-10-09,2022-10-09,1,החלפה עכב קבלת רכב מהעבודה  רכב מעולה מבחינה מכנית וחיצונית &lt;br/&gt;&lt;br/&gt;פירוט:&lt;br/&gt; מולטימדיה חדשה לגמרי,2010,2,אוטומטית,1800,בנזין,210000,,,,,קציר-חריש,,4314
26500.0,CIVIC,2022-10-04,2022-10-04,1,"רכב במצב מיכני מצוין ואחרי טיפול גדול כולל החלפת צמיגים &lt;br/&gt;&lt;br/&gt;פירוט:&lt;br/&gt; מצלמת רווירס,פנסי טורבו לייד,שיפטירס בהגה",2010,4,אוטומטית,1800,בנזין,212000,,,,גליל ועמקים,כפר תבור,,4314
,JAZZ,2022-10-04,2022-10-04,1,"הונה ג'אז,היברידית וחסכונית,שמור בקנאות,מטופל בזמן,היסטוריית טיפולים מלאה,מולטימדיה,מצלמת רוורס,חסכוני וקומפקטי! אפשר להפסיק לחפש ""ענק הטרייד אין"" רכבים לאחר בדיקה בלבד! אצלנו הרכבים עוברים בדיקה במכון מורשה! היסטוריית טיפולים שקיפות מלאה, תנאי מימון נוחים הוראת קבע \אשראי\צ'קים לא בשבת שעות פתיחה א-ה 9:00-17:00 ימי ו 9:00-12:00 מבצע קדש 60 ב""ב  ",2013,2,אוטומטית,1300,היברידי,100000,,,,רמת גן - גבעתיים,בני ברק,,1338
51000.0,CIVIC,2022-09-28,2022-09-28,1,"הונדה סיוויק הצבק 2014   רכב אולי הכי אמין ותבדקו אותי,   ואני מתחייב בבדיקה בלב רגוע ושקט.    נתונים :   03 ברישיון  טסט ארוך - עד 06.23  1800 נפח מנוע  142 כ""ס  מושבים קדמיים רחבים ועיצוב של הדשבורד לכיוון הנהג    קצת על הרכב :  האוטו היה אצלי נהג יחיד שומר עליו בקנאות יתרה מטפל במורשה תמיד לפני הזמן.  עד עכשיו האוטו אצלי שנה הוא פיקס לא עשה בעיה אחת עד היום הכל חלק.    למה אני מוכר.. אני צריך כסף לעסק שלי וזה הברירה האחרונה.     &lt;br/&gt;&lt;br/&gt;פירוט:&lt;br/&gt;   תוספות :   גאנטים מגנזיום  מערכת מולטימדיה ענקית ולא משהו שאפשר להשיג בארץ  מערכת מגבר שמע   בוקסה של בס  מצלמת רוורס אחורית  חיישני רוורס",2014,3,אוטומטית,1800,בנזין,185000,,,,כרמיאל והסביבה,כרמיאל,,3146
67000.0,CIVIC,2022-09-27,2022-09-27,1,"רכב שמור מאוד , מטופל רק במוסך מורשה , טסט לשנה &lt;br/&gt;&lt;br/&gt;פירוט:&lt;br/&gt; מערכת מולטימדיה , מצלמה אחורית , חיישנים",2016,1,אוטומטית,1799,בנזין,77000,,,,רמת השרון - הרצליה,הרצליה,,2507
41500.0,CIVIC,2022-09-16,2022-09-16,1,הונד'לה יותר מרכב היא חברה לחיים.  אמינה ויציבה.  4 גלגליה חדשים.  חסכנית בבנזין.  יש לה בג'ז ענק.  הכנף של הונדה קיבלה מכה.אך זה רק עיניין אסטטי.(ראו תמונה),2015,3,אוטומטית,1798,בנזין,163899,,,,עכו - נהריה,נהריה,,2951
70000.0,JAZZ,2022-09-13,2022-09-13,1,טסט עד 03/23 מצב מעולה &lt;br/&gt;&lt;br/&gt;פירוט:&lt;br/&gt; מוביליין,2018,2,אוטומטית,1300,בנזין,66000,,,,חדרה וישובי עמק חפר,חדרה,,2492
115000.0,CIVIC,2022-09-10,2022-09-10,1,נמכר עקב מעבר לחול. &lt;br/&gt;&lt;br/&gt;פירוט:&lt;br/&gt; תוספת של ספוילר Type R + ליפ קידמי בצבע אדום.,2021,1,ידנית,1500,בנזין,17500,,,,חדרה וישובי עמק חפר,חדרה,,495
69500.0,JAZZ,2022-09-09,2022-09-09,1,"מצב טוב, קילומטראז נמוך,חיישנים מאחור שליטה מההגה",2017,1,אוטומטית,1318,בנזין,42000,,,,ירושלים והסביבה,ירושלים,,3044
51900.0,JAZZ,2022-09-08,2022-09-08,1,רכב במצב מכני מצוין. טופל כל השנים במוסך מורשה. 4 צמיגים חדשים. רכב קטן עם הרבה מקום בפנים. ,2016,2,אוטומטית,1300,בנזין,130000,,,,רעננה - כפר סבא,רעננה,,2317
34500.0,CIVIC,2022-09-04,2022-09-04,1,צמיגים חדשים עבר טיפול לאחרונה,2013,5,אוטומטית,1800,בנזין,160000,,,,ירושלים והסביבה,קרית יערים,,3123
65000.0,CIVIC,2022-08-31,2022-08-31,1,הונדה סיוויק האצבק החדשה  דגם ספורט  יד 2 פרטי &lt;br/&gt;&lt;br/&gt;פירוט:&lt;br/&gt; בלוטוס ומצלמת רוורס,2015,2,אוטומטית,1800,בנזין,57000,,,,רמת השרון - הרצליה,הרצליה,,2951
155000.0,CR-Z,2022-08-28,2022-08-28,1,"CR-V, מנוע טורבו 1.5, שמור ללא תעונות &lt;br/&gt;&lt;br/&gt;פירוט:&lt;br/&gt; מיגון POINTER, +++ תוספות",2019,1,אוטומטית,1500,בנזין,54000,,,,רעננה - כפר סבא,כפר סבא,,
26000.0,JAZZ,2022-08-27,2022-08-27,1,"  הערות: מכונית נהדרת! מרווחת בפנים, קטנה בחוץ. נהגת יחידה. טסט ל 8 חדשים. 2 ח""ח, רדיו-דיסק מקורי, התראת רברס, ABS, כריות אויר, נעילה מרכזית+אזעקה, טלפון. מצבר חדש, מנוע 2013 מושבים אחוריים מתקפלים ומגדילים מאד את המקום למטען",2011,1,רובוטית,1300,בנזין,197000,,,,פרדס חנה - כרכור,פרדס חנה כרכור,,1075
45000.0,ACCORD,2022-08-23,2022-08-23,1,רכב שמור לא חסר פורג דגם מפואר גג נפת ריפוד עור ןעוד,2011,2,אוטומטית,2000,בנזין,130000,,,,קריות,קרית אתא,,559
,CR-V,2022-08-21,2022-08-21,1,"יד ראשונה,הזדמנות נדירה",2019,1,אוטומטית,1500,היברידי,35,,,,חיפה וחוף הכרמל,חיפה,,158
41500.0,JAZZ,2022-08-15,2022-08-15,1,"אחלה רכב במצב מעולה הדגם הוא דגם הצ’בק המשופר. מימדים קטנים מבחוץ, אבל גדולים מאוד מבפנים. צריכת הדלק נמוכה מאוד. הרכב אמין מאוד ולא נכנס למוסך אלא לטיפולים שנתיים שנעשו בקביעות.  חלונות מושב אחורי וחלון אחורי כהים  צמיגים הוחלפו לפני שנה חדשים ואיכותיים.  לרכב יש את כל המוצרים הנלווים (ג'ק, משולש, ספר רכב, גלגל ספייר)  בקיצור רכב פצצה - אמינות גבוהה, צריכת דלק נמוכה, קטן מבחוץ, מרווח מבפנים ונח, מצב מצויין! &lt;br/&gt;&lt;br/&gt;פירוט:&lt;br/&gt; חלונות כהים",2013,2,אוטומטית,1339,היברידי,133000,,,,באר שבע והסביבה,באר שבע,,1338
64000.0,JAZZ,2022-07-31,2022-07-31,1,רכב שמור קמ נמוך מאוד מופל רק במוסך הונדה ספר טיפולים הרכב עם רמת גימור המםוארת קומפורט מולטימדיה מקורית כולל מצלמת רוורס מקורית שווה לראות מציאה &lt;br/&gt;&lt;br/&gt;פירוט:&lt;br/&gt; מצךמת רוורס רכב חיסכוהי בדלק מרווח מאוד מבפנים ,2015,1,אוטומטית,1300,בנזין,60000,,,,,פתח תיקווה,,1014
72000.0,CIVIC,2022-07-30,2022-07-30,1,יד שניה (יד ראשונה מהשכרה). מצב מעולה. דגם אל גנס כולל תוספות &lt;br/&gt;&lt;br/&gt;פירוט:&lt;br/&gt; סאן רוף. מראות צד אוטומטיות ,2018,2,אוטומטית,1600,בנזין,99000,,,,רמת גן - גבעתיים,רמת גן,,2487
45000.0,CIVIC,2022-07-24,2022-07-24,1,הונדה האצבק שנת 2014 158 אלף קילומטר נמכרת בפחות מהמחירון כל הקודם זוכה!!!  לא בשבת!!!!,2014,3,אוטומטית,1800,בנזין,158000,כחול כהה,פרטית,פרטית,קיסריה והסביבה,אור עקיבא,,3146
47200.0,CIVIC,2022-07-09,2022-07-09,1,"מפרטיים.    טסט עד פב 2023 מוביליי מקורי מותקן   חיישני פגוש אחורי מותקנים מטופלת היטב ושמורה במצב מעולה (יש תיק טיפול ברכב)  מושקעת: נעשו תיקוני צבע קלים, שטיחונים יפים, יש דיבורית של מוטורולה, בנוסף לבלוטוס, מתוקה ממש:) &lt;br/&gt;&lt;br/&gt;פירוט:&lt;br/&gt; ראה לעיל המכונית הכי מתוקה שיש :)",2014,2,אוטומטית,1798,בנזין,148000,,,,רעננה - כפר סבא,רעננה,,3146
53500.0,JAZZ,2022-07-04,2022-07-04,1,"הונדה ג'אז דגם קומפורט שחורה, שנת 2015 (נובמבר) 105,000 ק""מ.   מכונית שמורה ומטופחת שנקנתה עם אחריות יבואן (לרכב משומש). טופלה באדיקות במוסך הונדה הרשמי. ללא תאונות. &lt;br/&gt;&lt;br/&gt;פירוט:&lt;br/&gt; ברכב מערכת מולטימדיה, מערכות בטיחות ונוספה לו מצלמת רוורס.",2015,2,אוטומטית,1318,בנזין,105000,,,,רעננה - כפר סבא,רעננה,,1014
67000.0,CIVIC,2022-06-30,2022-06-30,1,מצב הכי יפה שיש &lt;br/&gt;&lt;br/&gt;פירוט:&lt;br/&gt; כול החידושים שיש ב2018,2018,2,אוטומטית,988,בנזין,149000,,,,,קריית אתא,,2487
33000.0,ACCORD,2022-06-13,2022-06-13,6,"רכב אמין ושמור דגם אלגנס מנוע 2000 , עם מלא תוספות וטסט ארוך ,‎כסאות עור, חלונות חשמליים,מגנזיום,חימום בכיסאות, שליטה מלאה מההגה,מולטימדיה עם מסך מגע ועם 2 מסכים גם מאחור , כניסות USB, AUX יש גם DVD מקורי, מצלמת רוורס, חיישני חניה, ,לנוסף מצלמת דרך מראה עם שתי מצלמות צילום דרך נסיע גם קדימה גם אחורה ,חלונות כהים ,בקרת יציבות,פנסים קסנון וLED ,מצב מכני מעלה , ! מצב נדיר.",2010,3,אוטומטית,2000,בנזין,189300,שחור,פרטית,פרטית,נתניה והסביבה,נתניה,,672
75000.0,CIVIC,2022-05-24,2022-06-05,5,"רכב נוח ובטיחותי מאוד על הכביש. הרכב ניראה מצוין ושמור מאוד (נשטף כל שבוע פנימית חיצונית). נוספו ג'אנטים, השחרת מראות וסמלים ומערכת אנדרואיד הכוללת מצלמת רוורס וחיישני חניה. הרכב עבר טיפול גדול בחברה של טיימינג, שמן ובנוסף הוחלפו ברקסים וצמיגים. האוטו שימש בעיקר נסיעות לטווח הקצר ביד הנוכחית. כל הקודם זוכה!!!",2018,2,אוטומטית,1000,בנזין,118000,אפור עכבר,ליסינג,פרטית,אשדוד - אשקלון,אשקלון,,2487
70000.0,CIVIC,2022-05-29,2022-05-29,1,"הונדה מדהימה ונדירה דגם SPORT DESIGN ! (אין אותו לבחירה פה). 142 כ""ס, ג'אנטים שחורים, חלונות אחוריים שחורים, דוושות ספורט (מתכת) , חלל פנימי שחור, צמיגים חתך נמוך, הכל מקורי! שמורה מאד, טופלה כל שנותיה רק במוסך הונדה מורשה, היסטורית טיפולים מלאה, כל 4 השנים שהיא אצלי, רק אני נהגתי בה ולא היו בה ילדים.",2016,2,אוטומטית,1800,בנזין,75000,,,,בקעת אונו,קרית אונו,,2507
31000.0,CIVIC,2022-05-21,2022-05-21,1,יפה ושמור מטופל במוסך מורשה ,2011,4,אוטומטית,1800,בנזין,187,,,,ירושלים והסביבה,ביתר עילית,,2710
79000.0,CIVIC,2022-04-06,2022-05-21,3,שמורה מאוד חונה בחניה מקורה,2018,1,אוטומטית,1000,בנזין,79000,אפור מטאלי,פרטית,פרטית,מושבים בשרון,אבן יהודה,,2487
43000.0,JAZZ,2022-05-16,2022-05-16,1,"שמור ומטופל   לאחר טיפול, צמיגים, מצבר ועוד &lt;br/&gt;&lt;br/&gt;פירוט:&lt;br/&gt; מערכת מולטימדיה",2014,2,אוטומטית,1350,היברידי,159000,,,,קריות,קרית אתא,,1542
33000.0,CIVIC,2022-05-13,2022-05-13,1,רכב במצב מעולה שמור צמיגים חדשים ומצבר חרש,2010,1,אוטומטית,1800,בנזין,100300,,,,ירושלים והסביבה,ירושלים,,4314
29000.0,CIVIC,2022-05-11,2022-05-11,1,"הונדה סיוויק האצ'בק ,   שנת 2010 אוטומטית ,   דגם comfort at מנוע 1800 סמ""ק.   טופלה רק במורשה כולל היסטוריית טיפולים. מצב מכני מעולה!   יד ראשונה מפרטי!   124 אלף ק""מ !   טסט באוגוסט הקרוב.   רכב נוח אמין וחזק. ",2010,1,אוטומטית,1800,בנזין,124700,,,,בית שמש והסביבה,זכריה,,4314
30000.0,CIVIC,2022-05-07,2022-05-07,1,"רכב שמור ומטופל במורשה כולל היסטורית טיפולים.  ללא תאונות , יד ראשונה פרטית רכב נכה לשעבר.  רכב חזק ואמין.",2010,1,אוטומטית,1800,בנזין,125000,,,,בית שמש והסביבה,זכריה,,4314
56000.0,CIVIC,2022-05-05,2022-05-05,1,,2015,3,אוטומטית,1500,בנזין,115000,,,,בית שמש והסביבה,בית שמש,,2951
54900.0,CIVIC,2022-05-01,2022-05-01,1,הונדה סיוויק סטיישן רמת גימור COMFORT שמורה היטב טסט עד 11-04-2023 ללא תאונות מצלמת רכב קדמית דגם 70mai PRO מתנה נמכרת עקב קבלת רכב מעבודה,2017,2,אוטומטית,1798,בנזין,122000,,,,,Rishon LeTsiyon,,2802
111000.0,CIVIC,2022-04-29,2022-04-29,3,"הרכב שמור כמו חדש ללא שריטות, מטופל רק במוסך מורשה נהג אחד בלבד... יד 00 הרכב כמו בובה... 4 צמיגים MICHELIN חדשים מצבר חדש ברקסים חדשים",2018,1,אוטומטית,1500,בנזין,54000,אפור מטאלי,פרטית,פרטית,גליל ועמקים,נצרת עילית,,2487
52000.0,CIVIC,2022-04-29,2022-04-29,1,"רכב במצב חדש ללא תאונות!  קלימוטרז נמוך!  נהגת יחידה ללא תאונות , אוטו במצב מעולה, מטופל רק במוסך מורשה!",2014,1,אוטומטית,1800,בנזין,97000,,,,חיפה וחוף הכרמל,חיפה,,3146
86900.0,CIVIC,2022-04-25,2022-04-25,1,"לבוא לקחת. רכב מהממם עם חלון בגג. התחייבות לקנייה חוזרת עד 5 שנים. שקיפות מלאה!!! מגוון אפשרויות מימון עד 100% כולל תשלום בצקים. נמצא בסוכנות ""גרינקאר"" בראשל""צ, רח' הרצל 28. הנחות ומחירים מיוחדים יינתנו בסניף, יחס אישי לכל לקוח שקיפות מלאה!!! מבחר ענק של רכבים נוספים ניתן לראות באתר של גרינקאר. לצאת עם רכב חדש באותו היום.",2018,1,אוטומטית,1800,בנזין,66400,,,,"ראשל""צ והסביבה",ראשון לציון,,2487
31000.0,JAZZ,2022-04-20,2022-04-20,1,הונדה גאז היבריד החסכונית  שמורה מאוד  מטופלת רק במוסך מורשה  טסט לעוד יותר מחצי שנה,2011,3,אוטומטית,1300,בנזין,121000,,,,ירושלים והסביבה,ירושלים,,1075
49500.0,JAZZ,2022-04-20,2022-04-20,1,"חסכונית מאוד ואמינה.  שמורה, מטופלת בזמן, ורק במוסך מורשה.  מצבר חדש.  סט גלגלים חדש.",2014,1,אוטומטית,1300,היברידי,120000,,,,רמת גן - גבעתיים,רמת גן,,1542
65000.0,CIVIC,2022-04-19,2022-04-19,1,"יד ראשונה פרטי במצב מצויין!!  ללא תאונות, כל הטיפולים נעשו בזמן במוסך מורשה",2016,1,אוטומטית,1799,בנזין,135000,,,,"ראשל""צ והסביבה",ראשון לציון,,2507
53000.0,CIVIC,2022-03-27,2022-03-26,3,"רכב אמין מאוד ללא תקלות כלל מטופל בזמן כמו שעון שוויצרי כל 15000 ק""מ",2016,2,אוטומטית,1800,בנזין,129000,לבן שנהב,השכרה,פרטית,רמת גן - גבעתיים,בני ברק,,2507
10000.0,CR-Z,2021-10-17,2021-10-17,4,הרכב לאחר תאונה. התנגשות לא מוצלחת עם עץ.,2011,2,ידנית,1500,בנזין,150000,לבן פנינה,פרטית,פרטית,"ראשל""צ והסביבה",ראשון לציון,,27
17500.0,JAZZ,2022-10-13,2022-10-13,0,"רכב במצב טוב,מתופל בזמן,עבר טיפול גדול כולל פלעגים פילתרים שמנים צמיגים ועוד",2011,4,אוטומטית,1400,היבריד,350000,אפור מטאלי,פרטית,פרטית,"ראשל""צ והסביבה",ראשון לציון,,1075
59500.0,JAZZ,2022-09-23,2022-09-23,0,רכב מצויין שמור מטופל בזמן חסכוני בדלק ואמין מאוד !  כל הקודם זוכה .,2017,2,אוטומטית,1300,בנזין,135000,לבן שנהב,ליסינג,פרטית,רמת השרון - הרצליה,הרצליה,,3044
70000.0,CIVIC,2022-09-22,2022-09-22,0,"רכב שמור מאוד , ק""מ נמוך , מטופל רק במוסך הונדה  לרציניים בבקשה &lt;br/&gt;&lt;br/&gt;פירוט:&lt;br/&gt; מערכת מולטימדיה חדשה",2016,1,אוטומטית,1800,בנזין,77000,,,,רמת השרון - הרצליה,הרצליה,,2507
83000.0,CIVIC,2022-09-21,2022-09-21,0,רק 17000 קילומטר  מנכה  שמור . עבר טיפולים מסודרים במוסך מורשה  עבר טסט בתחילת אוגוסט 2022  גג שמש נפתח   &lt;br/&gt;&lt;br/&gt;פירוט:&lt;br/&gt; חיישני התראה אחוריים וקדמיים  מערכת מולטימדיה,2018,1,אוטומטית,1600,בנזין,17000,,,,ירושלים והסביבה,ירושלים,,2487
119000.0,CR-Z,2022-09-18,2022-09-18,0,"נפרד ממהרכב האהוב שלי הונדה crv מודל 2018 פרטי יד ראשונה   עם מע מולטימדיה , awacs , גלאי רוורס עם מצלמה , איפולים רק בחברה נקי ללא תאונות 119000 קמ   מחיר : 119000 ₪  טל 0505368903",2018,1,אוטומטית,2000,בנזין,119000,,,,חיפה וחוף הכרמל,חיפה,,
70000.0,JAZZ,2022-09-12,2022-09-12,0,הרכב נמכר,2017,1,אוטומטית,1318,בנזין,43000,,,,ירושלים והסביבה,ירושלים,,3044
70000.0,CIVIC,2022-09-11,2022-09-11,0,"הונדה סיוויק מנוע 1800, חסכונית בדלק, מיועדת ל5 נוסעים, עשתה 44.000 קילומטר יד ראשונה. קיבלה מכה בפגוש קדמי ותוקנה. &lt;br/&gt;&lt;br/&gt;פירוט:&lt;br/&gt; מצלמת דרך, כל האביזרים הרגילים שסופקו לי בעת קניית הרכב",2016,1,אוטומטית,1800,בנזין,44000,,,,רמת גן - גבעתיים,רמת גן,,2507
60000.0,CIVIC,2022-09-11,2022-09-11,0,"צבע לבן, צמיגים כמעט חדשים במצב מצוין &lt;br/&gt;&lt;br/&gt;פירוט:&lt;br/&gt; מצלמת דרך עם כרטיס הקלטה",2016,1,אוטומטית,1800,בנזין,44000,,,,רמת גן - גבעתיים,רמת גן,,2507
60000.0,CIVIC,2022-09-11,2022-09-11,0,"צבע לבן, 5 דלתות, ",2015,1,אוטומטית,1800,בנזין,44000,,,,רמת גן - גבעתיים,רמת גן,,2951
112000.0,CR-V,2022-08-04,2022-08-04,0,הונדה HRV יד ראשונה פרטי טסט לשנה האוטו עם עבר טיפולים במוסכי הונדה בלבד אוטו שמור &lt;br/&gt;&lt;br/&gt;פירוט:&lt;br/&gt; מדרגות צד,2019,1,אוטומטית,1500,בנזין,57000,,,,אשדוד - אשקלון,אשקלון,,158
96000.0,CIVIC,2022-07-21,2022-07-21,0,HRV COMFORT- דגם מטופלת במוסך מורשה,2018,1,אוטומטית,1500,בנזין,54500,לבן,אחר,פרטית,מושבים בשרון,חופית,,2487
47000.0,JAZZ,2022-07-21,2022-07-21,0,הרכב עבר טסט במאי. ארבעה צמיגים חדשים.מצבר חדש,2014,2,אוטומטית,1300,בנזין,90000,,,,חיפה וחוף הכרמל,חיפה,,1542
43000.0,CIVIC,2022-07-17,2022-07-17,0,"רכב מידיים פרטיות שמור מצב מכני מצויין, ללא תאונות בעבר צבע מושלם. טיפולים במוסך מורשה עם תיעוד. &lt;br/&gt;&lt;br/&gt;פירוט:&lt;br/&gt; מערכת מוביךאי וחישני פגוש אחורי מעבר למפרט המקורי של הרכב",2014,2,אוטומטית,2000,בנזין,,,,,מושבים בשרון,חרוצים,,3146
41000.0,JAZZ,2022-06-27,2022-06-27,0,רכב מצוין חסכוני מאוד בדלק מטופל בזמן ובמוסך מורשה טסט לכמעט שנה.  ,2014,2,אוטומטית,1339,היברידי,125000,,,,קריות,קרית אתא,,1542
,JAZZ,2022-05-29,2022-05-29,0,"הונדה גא׳ז דגם קומפורט המפואר.  מועד עליה לכביש נובמבר 19.  נהגת יחידה מעל גיל 30.  יש דאשונה במצב חדש.  מערכת מולטימדיה עם אינטרנט, מחממים מושבים כל המערכות בטיחות בילט אין ברכב.",2020,1,אוטומטית,1315,בנזין,28600,,,,חיפה וחוף הכרמל,חיפה,,857
57000.0,ACCORD,2021-11-22,2021-11-22,1,..,2015,2,אוטומטית,2000,בנזין,130000,שחור,ליסינג,פרטית,כרמיאל והסביבה,כרמיאל,,474
60000.0,CIVIC,2022-04-28,2022-04-28,0,,2015,2,אוטומטית,1500,בנזין,114000,,,,בית שמש והסביבה,בית שמש,,2951
